[
    {
        "label": "Display settings",
        "name":"display_settings",
        "inputs": [
            {
                "type":"select",
                "name":"replace_avatars",
                "label":"Use team logos as player avatars",
                "values": [
                    {
                        "label": "Only if player has no avatar",
                        "name": "if_missing"
                    },
                    {
                        "label": "Always",
                        "name": "always"
                    }
                ]
            },
            {
                "type": "action",
                "name": "boxesState",
                "values": [
                    {
                        "name": "show",
                        "label": "Show boxes"
                    },
                    {
                        "name": "hide",
                        "label": "Hide boxes"
                    }
                ]
            },
            {
                "type": "action",
                "name": "toggleRadarView",
                "values": [
                    {
                        "name": "toggler",
                        "label": "Toggle radar view"
                    }
                ]
            },
            {
                "type": "action",
                "name": "tboxesState",
                "values": [
                    {
                        "name": "show",
                        "label": "Show teamboxes"
                    },
                    {
                        "name": "hide",
                        "label": "Hide teamboxes"
                    }
                ]
            }
        ]
    }
]